--
-- PostgreSQL database dump
--

-- Dumped from database version 16.2
-- Dumped by pg_dump version 16.2

-- Started on 2024-08-20 14:58:48

SET statement_timeout = 0;
SET lock_timeout = 0;
SET idle_in_transaction_session_timeout = 0;
SET client_encoding = 'UTF8';
SET standard_conforming_strings = on;
SELECT pg_catalog.set_config('search_path', '', false);
SET check_function_bodies = false;
SET xmloption = content;
SET client_min_messages = warning;
SET row_security = off;

SET default_tablespace = '';

SET default_table_access_method = heap;

--
-- TOC entry 222 (class 1259 OID 19852)
-- Name: auth_group; Type: TABLE; Schema: public; Owner: postgres
--

CREATE TABLE public.auth_group (
    id integer NOT NULL,
    name character varying(150) NOT NULL
);


ALTER TABLE public.auth_group OWNER TO postgres;

--
-- TOC entry 221 (class 1259 OID 19851)
-- Name: auth_group_id_seq; Type: SEQUENCE; Schema: public; Owner: postgres
--

ALTER TABLE public.auth_group ALTER COLUMN id ADD GENERATED BY DEFAULT AS IDENTITY (
    SEQUENCE NAME public.auth_group_id_seq
    START WITH 1
    INCREMENT BY 1
    NO MINVALUE
    NO MAXVALUE
    CACHE 1
);


--
-- TOC entry 224 (class 1259 OID 19860)
-- Name: auth_group_permissions; Type: TABLE; Schema: public; Owner: postgres
--

CREATE TABLE public.auth_group_permissions (
    id bigint NOT NULL,
    group_id integer NOT NULL,
    permission_id integer NOT NULL
);


ALTER TABLE public.auth_group_permissions OWNER TO postgres;

--
-- TOC entry 223 (class 1259 OID 19859)
-- Name: auth_group_permissions_id_seq; Type: SEQUENCE; Schema: public; Owner: postgres
--

ALTER TABLE public.auth_group_permissions ALTER COLUMN id ADD GENERATED BY DEFAULT AS IDENTITY (
    SEQUENCE NAME public.auth_group_permissions_id_seq
    START WITH 1
    INCREMENT BY 1
    NO MINVALUE
    NO MAXVALUE
    CACHE 1
);


--
-- TOC entry 220 (class 1259 OID 19846)
-- Name: auth_permission; Type: TABLE; Schema: public; Owner: postgres
--

CREATE TABLE public.auth_permission (
    id integer NOT NULL,
    name character varying(255) NOT NULL,
    content_type_id integer NOT NULL,
    codename character varying(100) NOT NULL
);


ALTER TABLE public.auth_permission OWNER TO postgres;

--
-- TOC entry 219 (class 1259 OID 19845)
-- Name: auth_permission_id_seq; Type: SEQUENCE; Schema: public; Owner: postgres
--

ALTER TABLE public.auth_permission ALTER COLUMN id ADD GENERATED BY DEFAULT AS IDENTITY (
    SEQUENCE NAME public.auth_permission_id_seq
    START WITH 1
    INCREMENT BY 1
    NO MINVALUE
    NO MAXVALUE
    CACHE 1
);


--
-- TOC entry 232 (class 1259 OID 19943)
-- Name: django_admin_log; Type: TABLE; Schema: public; Owner: postgres
--

CREATE TABLE public.django_admin_log (
    id integer NOT NULL,
    action_time timestamp with time zone NOT NULL,
    object_id text,
    object_repr character varying(200) NOT NULL,
    action_flag smallint NOT NULL,
    change_message text NOT NULL,
    content_type_id integer,
    user_id bigint NOT NULL,
    CONSTRAINT django_admin_log_action_flag_check CHECK ((action_flag >= 0))
);


ALTER TABLE public.django_admin_log OWNER TO postgres;

--
-- TOC entry 231 (class 1259 OID 19942)
-- Name: django_admin_log_id_seq; Type: SEQUENCE; Schema: public; Owner: postgres
--

ALTER TABLE public.django_admin_log ALTER COLUMN id ADD GENERATED BY DEFAULT AS IDENTITY (
    SEQUENCE NAME public.django_admin_log_id_seq
    START WITH 1
    INCREMENT BY 1
    NO MINVALUE
    NO MAXVALUE
    CACHE 1
);


--
-- TOC entry 243 (class 1259 OID 20025)
-- Name: django_celery_beat_clockedschedule; Type: TABLE; Schema: public; Owner: postgres
--

CREATE TABLE public.django_celery_beat_clockedschedule (
    id integer NOT NULL,
    clocked_time timestamp with time zone NOT NULL
);


ALTER TABLE public.django_celery_beat_clockedschedule OWNER TO postgres;

--
-- TOC entry 242 (class 1259 OID 20024)
-- Name: django_celery_beat_clockedschedule_id_seq; Type: SEQUENCE; Schema: public; Owner: postgres
--

ALTER TABLE public.django_celery_beat_clockedschedule ALTER COLUMN id ADD GENERATED BY DEFAULT AS IDENTITY (
    SEQUENCE NAME public.django_celery_beat_clockedschedule_id_seq
    START WITH 1
    INCREMENT BY 1
    NO MINVALUE
    NO MAXVALUE
    CACHE 1
);


--
-- TOC entry 234 (class 1259 OID 19964)
-- Name: django_celery_beat_crontabschedule; Type: TABLE; Schema: public; Owner: postgres
--

CREATE TABLE public.django_celery_beat_crontabschedule (
    id integer NOT NULL,
    minute character varying(240) NOT NULL,
    hour character varying(96) NOT NULL,
    day_of_week character varying(64) NOT NULL,
    day_of_month character varying(124) NOT NULL,
    month_of_year character varying(64) NOT NULL,
    timezone character varying(63) NOT NULL
);


ALTER TABLE public.django_celery_beat_crontabschedule OWNER TO postgres;

--
-- TOC entry 233 (class 1259 OID 19963)
-- Name: django_celery_beat_crontabschedule_id_seq; Type: SEQUENCE; Schema: public; Owner: postgres
--

ALTER TABLE public.django_celery_beat_crontabschedule ALTER COLUMN id ADD GENERATED BY DEFAULT AS IDENTITY (
    SEQUENCE NAME public.django_celery_beat_crontabschedule_id_seq
    START WITH 1
    INCREMENT BY 1
    NO MINVALUE
    NO MAXVALUE
    CACHE 1
);


--
-- TOC entry 236 (class 1259 OID 19970)
-- Name: django_celery_beat_intervalschedule; Type: TABLE; Schema: public; Owner: postgres
--

CREATE TABLE public.django_celery_beat_intervalschedule (
    id integer NOT NULL,
    every integer NOT NULL,
    period character varying(24) NOT NULL
);


ALTER TABLE public.django_celery_beat_intervalschedule OWNER TO postgres;

--
-- TOC entry 235 (class 1259 OID 19969)
-- Name: django_celery_beat_intervalschedule_id_seq; Type: SEQUENCE; Schema: public; Owner: postgres
--

ALTER TABLE public.django_celery_beat_intervalschedule ALTER COLUMN id ADD GENERATED BY DEFAULT AS IDENTITY (
    SEQUENCE NAME public.django_celery_beat_intervalschedule_id_seq
    START WITH 1
    INCREMENT BY 1
    NO MINVALUE
    NO MAXVALUE
    CACHE 1
);


--
-- TOC entry 238 (class 1259 OID 19976)
-- Name: django_celery_beat_periodictask; Type: TABLE; Schema: public; Owner: postgres
--

CREATE TABLE public.django_celery_beat_periodictask (
    id integer NOT NULL,
    name character varying(200) NOT NULL,
    task character varying(200) NOT NULL,
    args text NOT NULL,
    kwargs text NOT NULL,
    queue character varying(200),
    exchange character varying(200),
    routing_key character varying(200),
    expires timestamp with time zone,
    enabled boolean NOT NULL,
    last_run_at timestamp with time zone,
    total_run_count integer NOT NULL,
    date_changed timestamp with time zone NOT NULL,
    description text NOT NULL,
    crontab_id integer,
    interval_id integer,
    solar_id integer,
    one_off boolean NOT NULL,
    start_time timestamp with time zone,
    priority integer,
    headers text NOT NULL,
    clocked_id integer,
    expire_seconds integer,
    CONSTRAINT django_celery_beat_periodictask_expire_seconds_check CHECK ((expire_seconds >= 0)),
    CONSTRAINT django_celery_beat_periodictask_priority_check CHECK ((priority >= 0)),
    CONSTRAINT django_celery_beat_periodictask_total_run_count_check CHECK ((total_run_count >= 0))
);


ALTER TABLE public.django_celery_beat_periodictask OWNER TO postgres;

--
-- TOC entry 237 (class 1259 OID 19975)
-- Name: django_celery_beat_periodictask_id_seq; Type: SEQUENCE; Schema: public; Owner: postgres
--

ALTER TABLE public.django_celery_beat_periodictask ALTER COLUMN id ADD GENERATED BY DEFAULT AS IDENTITY (
    SEQUENCE NAME public.django_celery_beat_periodictask_id_seq
    START WITH 1
    INCREMENT BY 1
    NO MINVALUE
    NO MAXVALUE
    CACHE 1
);


--
-- TOC entry 239 (class 1259 OID 19986)
-- Name: django_celery_beat_periodictasks; Type: TABLE; Schema: public; Owner: postgres
--

CREATE TABLE public.django_celery_beat_periodictasks (
    ident smallint NOT NULL,
    last_update timestamp with time zone NOT NULL
);


ALTER TABLE public.django_celery_beat_periodictasks OWNER TO postgres;

--
-- TOC entry 241 (class 1259 OID 20005)
-- Name: django_celery_beat_solarschedule; Type: TABLE; Schema: public; Owner: postgres
--

CREATE TABLE public.django_celery_beat_solarschedule (
    id integer NOT NULL,
    event character varying(24) NOT NULL,
    latitude numeric(9,6) NOT NULL,
    longitude numeric(9,6) NOT NULL
);


ALTER TABLE public.django_celery_beat_solarschedule OWNER TO postgres;

--
-- TOC entry 240 (class 1259 OID 20004)
-- Name: django_celery_beat_solarschedule_id_seq; Type: SEQUENCE; Schema: public; Owner: postgres
--

ALTER TABLE public.django_celery_beat_solarschedule ALTER COLUMN id ADD GENERATED BY DEFAULT AS IDENTITY (
    SEQUENCE NAME public.django_celery_beat_solarschedule_id_seq
    START WITH 1
    INCREMENT BY 1
    NO MINVALUE
    NO MAXVALUE
    CACHE 1
);


--
-- TOC entry 218 (class 1259 OID 19838)
-- Name: django_content_type; Type: TABLE; Schema: public; Owner: postgres
--

CREATE TABLE public.django_content_type (
    id integer NOT NULL,
    app_label character varying(100) NOT NULL,
    model character varying(100) NOT NULL
);


ALTER TABLE public.django_content_type OWNER TO postgres;

--
-- TOC entry 217 (class 1259 OID 19837)
-- Name: django_content_type_id_seq; Type: SEQUENCE; Schema: public; Owner: postgres
--

ALTER TABLE public.django_content_type ALTER COLUMN id ADD GENERATED BY DEFAULT AS IDENTITY (
    SEQUENCE NAME public.django_content_type_id_seq
    START WITH 1
    INCREMENT BY 1
    NO MINVALUE
    NO MAXVALUE
    CACHE 1
);


--
-- TOC entry 216 (class 1259 OID 19830)
-- Name: django_migrations; Type: TABLE; Schema: public; Owner: postgres
--

CREATE TABLE public.django_migrations (
    id bigint NOT NULL,
    app character varying(255) NOT NULL,
    name character varying(255) NOT NULL,
    applied timestamp with time zone NOT NULL
);


ALTER TABLE public.django_migrations OWNER TO postgres;

--
-- TOC entry 215 (class 1259 OID 19829)
-- Name: django_migrations_id_seq; Type: SEQUENCE; Schema: public; Owner: postgres
--

ALTER TABLE public.django_migrations ALTER COLUMN id ADD GENERATED BY DEFAULT AS IDENTITY (
    SEQUENCE NAME public.django_migrations_id_seq
    START WITH 1
    INCREMENT BY 1
    NO MINVALUE
    NO MAXVALUE
    CACHE 1
);


--
-- TOC entry 246 (class 1259 OID 20055)
-- Name: django_session; Type: TABLE; Schema: public; Owner: postgres
--

CREATE TABLE public.django_session (
    session_key character varying(40) NOT NULL,
    session_data text NOT NULL,
    expire_date timestamp with time zone NOT NULL
);


ALTER TABLE public.django_session OWNER TO postgres;

--
-- TOC entry 245 (class 1259 OID 20038)
-- Name: habits_habits; Type: TABLE; Schema: public; Owner: postgres
--

CREATE TABLE public.habits_habits (
    id bigint NOT NULL,
    place character varying(140) NOT NULL,
    "time" time without time zone NOT NULL,
    action character varying(140) NOT NULL,
    weekday_offset integer NOT NULL,
    is_nice boolean NOT NULL,
    periodicity smallint NOT NULL,
    prize character varying(100),
    duration smallint NOT NULL,
    is_public boolean NOT NULL,
    monday boolean NOT NULL,
    tuesday boolean NOT NULL,
    wednesday boolean NOT NULL,
    thursday boolean NOT NULL,
    friday boolean NOT NULL,
    saturday boolean NOT NULL,
    sunday boolean NOT NULL,
    created_at timestamp with time zone,
    updated_at timestamp with time zone,
    related_id bigint,
    user_id bigint
);


ALTER TABLE public.habits_habits OWNER TO postgres;

--
-- TOC entry 244 (class 1259 OID 20037)
-- Name: habits_habits_id_seq; Type: SEQUENCE; Schema: public; Owner: postgres
--

ALTER TABLE public.habits_habits ALTER COLUMN id ADD GENERATED BY DEFAULT AS IDENTITY (
    SEQUENCE NAME public.habits_habits_id_seq
    START WITH 1
    INCREMENT BY 1
    NO MINVALUE
    NO MAXVALUE
    CACHE 1
);


--
-- TOC entry 226 (class 1259 OID 19892)
-- Name: users_user; Type: TABLE; Schema: public; Owner: postgres
--

CREATE TABLE public.users_user (
    id bigint NOT NULL,
    password character varying(128) NOT NULL,
    last_login timestamp with time zone,
    is_superuser boolean NOT NULL,
    first_name character varying(150) NOT NULL,
    last_name character varying(150) NOT NULL,
    is_staff boolean NOT NULL,
    is_active boolean NOT NULL,
    date_joined timestamp with time zone NOT NULL,
    email character varying(254) NOT NULL,
    phone character varying(35),
    city character varying(150),
    avatar character varying(100),
    tg_nick character varying(50),
    tg_chat_id character varying(50) NOT NULL,
    time_offset integer NOT NULL
);


ALTER TABLE public.users_user OWNER TO postgres;

--
-- TOC entry 228 (class 1259 OID 19902)
-- Name: users_user_groups; Type: TABLE; Schema: public; Owner: postgres
--

CREATE TABLE public.users_user_groups (
    id bigint NOT NULL,
    user_id bigint NOT NULL,
    group_id integer NOT NULL
);


ALTER TABLE public.users_user_groups OWNER TO postgres;

--
-- TOC entry 227 (class 1259 OID 19901)
-- Name: users_user_groups_id_seq; Type: SEQUENCE; Schema: public; Owner: postgres
--

ALTER TABLE public.users_user_groups ALTER COLUMN id ADD GENERATED BY DEFAULT AS IDENTITY (
    SEQUENCE NAME public.users_user_groups_id_seq
    START WITH 1
    INCREMENT BY 1
    NO MINVALUE
    NO MAXVALUE
    CACHE 1
);


--
-- TOC entry 225 (class 1259 OID 19891)
-- Name: users_user_id_seq; Type: SEQUENCE; Schema: public; Owner: postgres
--

ALTER TABLE public.users_user ALTER COLUMN id ADD GENERATED BY DEFAULT AS IDENTITY (
    SEQUENCE NAME public.users_user_id_seq
    START WITH 1
    INCREMENT BY 1
    NO MINVALUE
    NO MAXVALUE
    CACHE 1
);


--
-- TOC entry 230 (class 1259 OID 19908)
-- Name: users_user_user_permissions; Type: TABLE; Schema: public; Owner: postgres
--

CREATE TABLE public.users_user_user_permissions (
    id bigint NOT NULL,
    user_id bigint NOT NULL,
    permission_id integer NOT NULL
);


ALTER TABLE public.users_user_user_permissions OWNER TO postgres;

--
-- TOC entry 229 (class 1259 OID 19907)
-- Name: users_user_user_permissions_id_seq; Type: SEQUENCE; Schema: public; Owner: postgres
--

ALTER TABLE public.users_user_user_permissions ALTER COLUMN id ADD GENERATED BY DEFAULT AS IDENTITY (
    SEQUENCE NAME public.users_user_user_permissions_id_seq
    START WITH 1
    INCREMENT BY 1
    NO MINVALUE
    NO MAXVALUE
    CACHE 1
);


--
-- TOC entry 5007 (class 0 OID 19852)
-- Dependencies: 222
-- Data for Name: auth_group; Type: TABLE DATA; Schema: public; Owner: postgres
--

COPY public.auth_group (id, name) FROM stdin;
\.


--
-- TOC entry 5009 (class 0 OID 19860)
-- Dependencies: 224
-- Data for Name: auth_group_permissions; Type: TABLE DATA; Schema: public; Owner: postgres
--

COPY public.auth_group_permissions (id, group_id, permission_id) FROM stdin;
\.


--
-- TOC entry 5005 (class 0 OID 19846)
-- Dependencies: 220
-- Data for Name: auth_permission; Type: TABLE DATA; Schema: public; Owner: postgres
--

COPY public.auth_permission (id, name, content_type_id, codename) FROM stdin;
1	Can add log entry	1	add_logentry
2	Can change log entry	1	change_logentry
3	Can delete log entry	1	delete_logentry
4	Can view log entry	1	view_logentry
5	Can add permission	2	add_permission
6	Can change permission	2	change_permission
7	Can delete permission	2	delete_permission
8	Can view permission	2	view_permission
9	Can add group	3	add_group
10	Can change group	3	change_group
11	Can delete group	3	delete_group
12	Can view group	3	view_group
13	Can add content type	4	add_contenttype
14	Can change content type	4	change_contenttype
15	Can delete content type	4	delete_contenttype
16	Can view content type	4	view_contenttype
17	Can add session	5	add_session
18	Can change session	5	change_session
19	Can delete session	5	delete_session
20	Can view session	5	view_session
21	Can add пользователь	6	add_user
22	Can change пользователь	6	change_user
23	Can delete пользователь	6	delete_user
24	Can view пользователь	6	view_user
25	Can add Привычка	7	add_habits
26	Can change Привычка	7	change_habits
27	Can delete Привычка	7	delete_habits
28	Can view Привычка	7	view_habits
29	Can add crontab	8	add_crontabschedule
30	Can change crontab	8	change_crontabschedule
31	Can delete crontab	8	delete_crontabschedule
32	Can view crontab	8	view_crontabschedule
33	Can add interval	9	add_intervalschedule
34	Can change interval	9	change_intervalschedule
35	Can delete interval	9	delete_intervalschedule
36	Can view interval	9	view_intervalschedule
37	Can add periodic task	10	add_periodictask
38	Can change periodic task	10	change_periodictask
39	Can delete periodic task	10	delete_periodictask
40	Can view periodic task	10	view_periodictask
41	Can add periodic tasks	11	add_periodictasks
42	Can change periodic tasks	11	change_periodictasks
43	Can delete periodic tasks	11	delete_periodictasks
44	Can view periodic tasks	11	view_periodictasks
45	Can add solar event	12	add_solarschedule
46	Can change solar event	12	change_solarschedule
47	Can delete solar event	12	delete_solarschedule
48	Can view solar event	12	view_solarschedule
49	Can add clocked	13	add_clockedschedule
50	Can change clocked	13	change_clockedschedule
51	Can delete clocked	13	delete_clockedschedule
52	Can view clocked	13	view_clockedschedule
\.


--
-- TOC entry 5017 (class 0 OID 19943)
-- Dependencies: 232
-- Data for Name: django_admin_log; Type: TABLE DATA; Schema: public; Owner: postgres
--

COPY public.django_admin_log (id, action_time, object_id, object_repr, action_flag, change_message, content_type_id, user_id) FROM stdin;
1	2024-08-11 16:30:54.512968+03	16	Я буду learn в 16:27:00 в telegram	2	[{"changed": {"fields": ["\\u0412\\u0440\\u0435\\u043c\\u044f \\u0438\\u0441\\u043f\\u043e\\u043b\\u043d\\u0435\\u043d\\u0438\\u044f \\u043f\\u0440\\u0438\\u0432\\u044b\\u0447\\u043a\\u0438 \\u0432 \\u0444\\u043e\\u0440\\u043c\\u0430\\u0442\\u0435 UTC, \\u0432\\u044b\\u0447\\u0438\\u0441\\u043b\\u044f\\u0435\\u0442\\u0441\\u044f \\u0430\\u0432\\u0442\\u043e\\u043c\\u0430\\u0442\\u0438\\u0447\\u0435\\u0441\\u043a\\u0438 \\u043f\\u043e time_offset \\u043f\\u043e\\u043b\\u044c\\u0437\\u043e\\u0432\\u0430\\u0442\\u0435\\u043b\\u044f"]}}]	7	1
2	2024-08-11 16:36:48.738735+03	2	ruzilkasymov5@gmail.com	2	[{"changed": {"fields": ["\\u0422\\u0435\\u043b\\u0435\\u0433\\u0440\\u0430\\u043c chat-id"]}}]	6	1
3	2024-08-11 16:49:57.628938+03	17	Я буду learn в 16:50:00 в telegram	2	[{"changed": {"fields": ["\\u0412\\u0440\\u0435\\u043c\\u044f, \\u043a\\u043e\\u0433\\u0434\\u0430 \\u043d\\u0430\\u0434\\u043e \\u0432\\u044b\\u043f\\u043e\\u043b\\u043d\\u0438\\u0442\\u044c \\u043f\\u0440\\u0438\\u0432\\u044b\\u0447\\u043a\\u0443"]}}]	7	1
4	2024-08-11 17:26:27.203774+03	20	Я буду learn в 17:00:00 в telegram	3		7	1
5	2024-08-12 11:10:49.191735+03	31	Я буду learn в 18:49:00 в telegram	3		7	1
6	2024-08-12 11:10:49.191735+03	30	Я буду learn в 15:37:00 в telegram	3		7	1
7	2024-08-12 11:10:49.191735+03	29	Я буду learn в 21:28:00 в telegram	3		7	1
8	2024-08-12 11:10:49.191735+03	28	Я буду learn в 21:28:00 в telegram	3		7	1
9	2024-08-12 11:10:49.191735+03	27	Я буду learn в 18:23:00 в telegram	3		7	1
10	2024-08-12 11:10:49.191735+03	26	Я буду learn в 18:17:00 в telegram	3		7	1
11	2024-08-12 11:10:49.191735+03	25	Я буду learn в 18:07:00 в telegram	3		7	1
12	2024-08-12 11:22:03.385938+03	32	Я буду 2 в 08:23:00 в 1	1	[{"added": {}}]	7	1
13	2024-08-12 11:32:17.83198+03	32	Я буду 2 в 08:23:00 в 1	3		7	1
14	2024-08-12 11:32:45.820465+03	33	Я буду 2 в 08:34:00 в 1	1	[{"added": {}}]	7	1
15	2024-08-12 11:36:28.314798+03	33	Я буду 2 в 08:37:00 в 1	2	[{"changed": {"fields": ["\\u0412\\u0440\\u0435\\u043c\\u044f", "\\u041f\\u0435\\u0440\\u0438\\u043e\\u0434\\u0438\\u0447\\u043d\\u043e\\u0441\\u0442\\u044c (\\u043e\\u0442 1 \\u0434\\u043e 7)"]}}]	7	1
16	2024-08-13 12:06:01.2202+03	33	Я буду 2 в 08:37:00 в 1	3		7	1
17	2024-08-13 12:06:36.713773+03	34	Я буду 2 в 09:08:00 в 1	1	[{"added": {}}]	7	1
18	2024-08-13 12:09:19.713529+03	35	Я буду 22 в 12:10:05 в 22	1	[{"added": {}}]	7	1
19	2024-08-13 12:16:29.866975+03	36	Я буду 33 в 12:17:00 в 33	1	[{"added": {}}]	7	1
20	2024-08-13 12:30:51.074728+03	37	Я буду 2 в 12:32:22 в 1	1	[{"added": {}}]	7	1
21	2024-08-13 12:30:58.462155+03	37	Я буду 2 в 12:32:22 в 1	2	[{"changed": {"fields": ["\\u041f\\u043e\\u043b\\u044c\\u0437\\u043e\\u0432\\u0430\\u0442\\u0435\\u043b\\u044c"]}}]	7	1
22	2024-08-13 12:31:07.072546+03	37	Я буду 2 в 12:32:22 в 1	2	[]	7	1
23	2024-08-13 12:35:36.40102+03	37	Я буду 2 в 12:32:22 в 1	3		7	1
24	2024-08-13 12:35:36.40102+03	36	Я буду 33 в 12:17:00 в 33	3		7	1
25	2024-08-13 12:35:36.40102+03	35	Я буду 22 в 12:10:05 в 22	3		7	1
26	2024-08-13 12:35:36.40102+03	34	Я буду 2 в 09:08:00 в 1	3		7	1
27	2024-08-13 12:43:53.078588+03	38	Я буду 1 в 12:45:00 в 1	1	[{"added": {}}]	7	1
28	2024-08-13 12:48:59.558828+03	38	Я буду 1 в 12:45:00 в 1	3		7	1
29	2024-08-13 12:49:19.502773+03	39	Я буду 1 в 12:50:00 в 1	1	[{"added": {}}]	7	1
30	2024-08-14 21:21:22.95307+03	39	Я буду 1 в 12:50:00 в 1	3		7	1
31	2024-08-14 21:25:50.090829+03	40	Я буду 1 в 21:27:00 в 1	1	[{"added": {}}]	7	1
32	2024-08-14 21:33:28.456787+03	41	Я буду 1 в 21:35:00 в 1	1	[{"added": {}}]	7	1
33	2024-08-14 21:46:32.520465+03	42	Я буду 1 в 21:47:00 в 1	1	[{"added": {}}]	7	1
34	2024-08-14 21:53:16.546996+03	43	Я буду 1 в 21:54:00 в 1	1	[{"added": {}}]	7	1
35	2024-08-16 18:38:58.062686+03	43	Я буду 1 в 21:54:00 в 1	3		7	1
36	2024-08-16 18:38:58.062686+03	42	Я буду 1 в 21:47:00 в 1	3		7	1
37	2024-08-16 18:38:58.062686+03	41	Я буду 1 в 21:35:00 в 1	3		7	1
38	2024-08-16 18:38:58.062686+03	40	Я буду 1 в 21:27:00 в 1	3		7	1
39	2024-08-16 18:48:35.130705+03	44	Я буду 1 в 18:50:00 в 1	1	[{"added": {}}]	7	1
40	2024-08-16 18:53:18.192275+03	44	Я буду 1 в 18:55:00 в 1	2	[{"changed": {"fields": ["\\u0412\\u0440\\u0435\\u043c\\u044f"]}}]	7	1
41	2024-08-16 18:53:51.178798+03	44	Я буду 1 в 18:55:00 в 1	2	[]	7	1
42	2024-08-16 18:58:34.082747+03	3	send_information_about_habit: every 60 seconds	3		10	1
43	2024-08-16 19:07:05.756467+03	44	Я буду 1 в 19:08:00 в 1	2	[{"changed": {"fields": ["\\u0412\\u0440\\u0435\\u043c\\u044f"]}}]	7	1
44	2024-08-16 19:08:58.005923+03	44	Я буду 1 в 15:10:00 в 1	2	[{"changed": {"fields": ["\\u0412\\u0440\\u0435\\u043c\\u044f"]}}]	7	1
45	2024-08-16 19:10:15.317356+03	44	Я буду 1 в 16:11:00 в 1	2	[{"changed": {"fields": ["\\u0412\\u0440\\u0435\\u043c\\u044f"]}}]	7	1
46	2024-08-16 19:11:53.421083+03	44	Я буду 1 в 19:12:00 в 1	2	[{"changed": {"fields": ["\\u0412\\u0440\\u0435\\u043c\\u044f"]}}]	7	1
47	2024-08-16 19:13:42.206348+03	44	Я буду 1 в 19:14:00 в 1	2	[{"changed": {"fields": ["\\u0412\\u0440\\u0435\\u043c\\u044f"]}}]	7	1
48	2024-08-16 19:14:17.565229+03	44	Я буду 1 в 19:15:00 в 1	2	[{"changed": {"fields": ["\\u0412\\u0440\\u0435\\u043c\\u044f"]}}]	7	1
49	2024-08-16 19:16:21.343305+03	44	Я буду 1 в 16:17:00 в 1	2	[{"changed": {"fields": ["\\u0412\\u0440\\u0435\\u043c\\u044f"]}}]	7	1
50	2024-08-16 19:18:30.435362+03	1	0 4 * * * (m/h/dM/MY/d) Europe/Moscow	2	[{"changed": {"fields": ["Cron Timezone"]}}]	8	1
51	2024-08-16 19:18:39.729628+03	1	0 4 * * * (m/h/dM/MY/d) Europe/Moscow	3		8	1
52	2024-08-16 19:18:42.891133+03	2	0 4 * * * (m/h/dM/MY/d) Europe/Moscow	2	[]	8	1
53	2024-08-16 19:18:53.815137+03	2	every 1800 seconds	2	[]	9	1
54	2024-08-16 19:22:40.151084+03	45	Я буду 1 в 19:24:00 в 1	1	[{"added": {}}]	7	1
55	2024-08-16 19:22:50.41606+03	44	Я буду 1 в 16:17:00 в 1	3		7	1
56	2024-08-16 19:29:58.239466+03	47	Я буду learn в 22:29:00 в telegram	3		7	1
57	2024-08-16 19:29:58.239466+03	46	Я буду learn в 19:27:00 в telegram	3		7	1
58	2024-08-16 19:29:58.239466+03	45	Я буду 1 в 19:24:00 в 1	3		7	1
59	2024-08-16 21:04:23.032606+03	4	"habits.tasks.find_all_habits": {\n        "task": "habits.tasks.find_all_habits",\n        "schedule": timedelta(minutes=1),\n    }send-telegram-message-every-10-minutes: every 60 seconds	3		10	1
60	2024-08-16 21:04:23.033728+03	2	habits.tasks.find_all_habits: every 60 seconds	3		10	1
61	2024-08-16 21:07:43.604046+03	5	send-telegram-message-every-10-minutes: every 60 seconds	3		10	1
62	2024-08-16 21:09:53.026859+03	6	send-telegram-message-every-10-minutes: every 60 seconds	2	[{"changed": {"fields": ["Task (registered)"]}}]	10	1
\.


--
-- TOC entry 5028 (class 0 OID 20025)
-- Dependencies: 243
-- Data for Name: django_celery_beat_clockedschedule; Type: TABLE DATA; Schema: public; Owner: postgres
--

COPY public.django_celery_beat_clockedschedule (id, clocked_time) FROM stdin;
\.


--
-- TOC entry 5019 (class 0 OID 19964)
-- Dependencies: 234
-- Data for Name: django_celery_beat_crontabschedule; Type: TABLE DATA; Schema: public; Owner: postgres
--

COPY public.django_celery_beat_crontabschedule (id, minute, hour, day_of_week, day_of_month, month_of_year, timezone) FROM stdin;
2	0	4	*	*	*	Europe/Moscow
\.


--
-- TOC entry 5021 (class 0 OID 19970)
-- Dependencies: 236
-- Data for Name: django_celery_beat_intervalschedule; Type: TABLE DATA; Schema: public; Owner: postgres
--

COPY public.django_celery_beat_intervalschedule (id, every, period) FROM stdin;
2	1800	seconds
1	60	seconds
\.


--
-- TOC entry 5023 (class 0 OID 19976)
-- Dependencies: 238
-- Data for Name: django_celery_beat_periodictask; Type: TABLE DATA; Schema: public; Owner: postgres
--

COPY public.django_celery_beat_periodictask (id, name, task, args, kwargs, queue, exchange, routing_key, expires, enabled, last_run_at, total_run_count, date_changed, description, crontab_id, interval_id, solar_id, one_off, start_time, priority, headers, clocked_id, expire_seconds) FROM stdin;
1	celery.backend_cleanup	celery.backend_cleanup	[]	{}	\N	\N	\N	\N	t	\N	0	2024-08-16 21:10:18.452311+03		2	\N	\N	f	\N	\N	{}	\N	43200
6	send-telegram-message-every-10-minutes	habits.tasks.send_telegram_message_1	[]	{}	\N	\N	\N	\N	t	2024-08-16 21:11:18.597745+03	1	2024-08-16 21:11:18.825586+03		\N	1	\N	f	\N	\N	{}	\N	\N
\.


--
-- TOC entry 5024 (class 0 OID 19986)
-- Dependencies: 239
-- Data for Name: django_celery_beat_periodictasks; Type: TABLE DATA; Schema: public; Owner: postgres
--

COPY public.django_celery_beat_periodictasks (ident, last_update) FROM stdin;
1	2024-08-16 21:10:18.519001+03
\.


--
-- TOC entry 5026 (class 0 OID 20005)
-- Dependencies: 241
-- Data for Name: django_celery_beat_solarschedule; Type: TABLE DATA; Schema: public; Owner: postgres
--

COPY public.django_celery_beat_solarschedule (id, event, latitude, longitude) FROM stdin;
\.


--
-- TOC entry 5003 (class 0 OID 19838)
-- Dependencies: 218
-- Data for Name: django_content_type; Type: TABLE DATA; Schema: public; Owner: postgres
--

COPY public.django_content_type (id, app_label, model) FROM stdin;
1	admin	logentry
2	auth	permission
3	auth	group
4	contenttypes	contenttype
5	sessions	session
6	users	user
7	habits	habits
8	django_celery_beat	crontabschedule
9	django_celery_beat	intervalschedule
10	django_celery_beat	periodictask
11	django_celery_beat	periodictasks
12	django_celery_beat	solarschedule
13	django_celery_beat	clockedschedule
\.


--
-- TOC entry 5001 (class 0 OID 19830)
-- Dependencies: 216
-- Data for Name: django_migrations; Type: TABLE DATA; Schema: public; Owner: postgres
--

COPY public.django_migrations (id, app, name, applied) FROM stdin;
1	contenttypes	0001_initial	2024-08-11 14:37:09.107849+03
2	contenttypes	0002_remove_content_type_name	2024-08-11 14:37:09.117814+03
3	auth	0001_initial	2024-08-11 14:37:09.177775+03
4	auth	0002_alter_permission_name_max_length	2024-08-11 14:37:09.183023+03
5	auth	0003_alter_user_email_max_length	2024-08-11 14:37:09.186699+03
6	auth	0004_alter_user_username_opts	2024-08-11 14:37:09.190283+03
7	auth	0005_alter_user_last_login_null	2024-08-11 14:37:09.194289+03
8	auth	0006_require_contenttypes_0002	2024-08-11 14:37:09.196291+03
9	auth	0007_alter_validators_add_error_messages	2024-08-11 14:37:09.199391+03
10	auth	0008_alter_user_username_max_length	2024-08-11 14:37:09.202294+03
11	auth	0009_alter_user_last_name_max_length	2024-08-11 14:37:09.205882+03
12	auth	0010_alter_group_name_max_length	2024-08-11 14:37:09.216227+03
13	auth	0011_update_proxy_permissions	2024-08-11 14:37:09.219709+03
14	auth	0012_alter_user_first_name_max_length	2024-08-11 14:37:09.223812+03
15	users	0001_initial	2024-08-11 14:37:09.278491+03
16	admin	0001_initial	2024-08-11 14:37:09.306593+03
17	admin	0002_logentry_remove_auto_add	2024-08-11 14:37:09.310692+03
18	admin	0003_logentry_add_action_flag_choices	2024-08-11 14:37:09.315689+03
19	django_celery_beat	0001_initial	2024-08-11 14:37:09.355992+03
20	django_celery_beat	0002_auto_20161118_0346	2024-08-11 14:37:09.370998+03
21	django_celery_beat	0003_auto_20161209_0049	2024-08-11 14:37:09.379248+03
22	django_celery_beat	0004_auto_20170221_0000	2024-08-11 14:37:09.381242+03
23	django_celery_beat	0005_add_solarschedule_events_choices	2024-08-11 14:37:09.384942+03
24	django_celery_beat	0006_auto_20180322_0932	2024-08-11 14:37:09.414126+03
25	django_celery_beat	0007_auto_20180521_0826	2024-08-11 14:37:09.425525+03
26	django_celery_beat	0008_auto_20180914_1922	2024-08-11 14:37:09.444943+03
27	django_celery_beat	0006_auto_20180210_1226	2024-08-11 14:37:09.457057+03
28	django_celery_beat	0006_periodictask_priority	2024-08-11 14:37:09.467604+03
29	django_celery_beat	0009_periodictask_headers	2024-08-11 14:37:09.474626+03
30	django_celery_beat	0010_auto_20190429_0326	2024-08-11 14:37:09.608582+03
31	django_celery_beat	0011_auto_20190508_0153	2024-08-11 14:37:09.62517+03
32	django_celery_beat	0012_periodictask_expire_seconds	2024-08-11 14:37:09.630326+03
33	django_celery_beat	0013_auto_20200609_0727	2024-08-11 14:37:09.63723+03
34	django_celery_beat	0014_remove_clockedschedule_enabled	2024-08-11 14:37:09.641869+03
35	django_celery_beat	0015_edit_solarschedule_events_choices	2024-08-11 14:37:09.64443+03
36	django_celery_beat	0016_alter_crontabschedule_timezone	2024-08-11 14:37:09.650427+03
37	django_celery_beat	0017_alter_crontabschedule_month_of_year	2024-08-11 14:37:09.65665+03
38	django_celery_beat	0018_improve_crontab_helptext	2024-08-11 14:37:09.661695+03
39	habits	0001_initial	2024-08-11 14:37:09.67112+03
40	habits	0002_initial	2024-08-11 14:37:09.68103+03
41	sessions	0001_initial	2024-08-11 14:37:09.692577+03
42	habits	0003_remove_habits_utc_time_alter_habits_action_and_more	2024-08-13 12:34:14.356531+03
43	users	0002_alter_user_time_offset	2024-08-14 21:52:19.827825+03
\.


--
-- TOC entry 5031 (class 0 OID 20055)
-- Dependencies: 246
-- Data for Name: django_session; Type: TABLE DATA; Schema: public; Owner: postgres
--

COPY public.django_session (session_key, session_data, expire_date) FROM stdin;
y3kzizqvhluud9bo1tuv1xksihrhsqje	.eJxVjMEOwiAQRP-FsyGlILAevfsNZGG3UjWQlPZk_Hdp0oPeJm_ezFsE3NYctsZLmElchBKnXxYxPbnsBT2w3KtMtazLHOWuyKNt8laJX9fD_TvI2HJfe4ODB_Re2zMwuWE0UTMbIDZuSkaPZEEx-Z4AlPMdKKtgQnRJcxSfL8eoN2E:1sd6w9:WtRgi32WVadfFTvMv4ezZcYL318A-2f_WULUuHsp7vg	2024-08-25 14:40:37.429487+03
0vi7qv69igtvj63vp8d669ccya9bzmbk	.eJxVjMEOwiAQRP-FsyGlILAevfsNZGG3UjWQlPZk_Hdp0oPeJm_ezFsE3NYctsZLmElchBKnXxYxPbnsBT2w3KtMtazLHOWuyKNt8laJX9fD_TvI2HJfe4ODB_Re2zMwuWE0UTMbIDZuSkaPZEEx-Z4AlPMdKKtgQnRJcxSfL8eoN2E:1seIcS:AJGbFeCf69l1ppi0C675WwGG5KY626PDalfaSfiN7bE	2024-08-28 21:21:12.99776+03
\.


--
-- TOC entry 5030 (class 0 OID 20038)
-- Dependencies: 245
-- Data for Name: habits_habits; Type: TABLE DATA; Schema: public; Owner: postgres
--

COPY public.habits_habits (id, place, "time", action, weekday_offset, is_nice, periodicity, prize, duration, is_public, monday, tuesday, wednesday, thursday, friday, saturday, sunday, created_at, updated_at, related_id, user_id) FROM stdin;
50	telegram	19:54:00	learn	0	t	1	\N	1	t	t	t	t	t	t	t	t	2024-08-16 19:47:17.325162+03	2024-08-16 19:47:17.331283+03	\N	2
51	telegram	20:35:00	learn	0	t	1	\N	1	t	t	t	t	t	t	t	t	2024-08-16 20:31:15.492224+03	2024-08-16 20:31:15.498627+03	\N	2
48	telegram	16:36:00	learn	0	t	1	\N	1	t	t	t	t	t	t	t	t	2024-08-16 19:33:18.861483+03	2024-08-16 19:33:18.867069+03	\N	2
49	telegram	19:42:00	learn	0	t	1	\N	1	t	t	t	t	t	t	t	t	2024-08-16 19:40:09.161623+03	2024-08-16 19:40:09.16739+03	\N	2
\.


--
-- TOC entry 5011 (class 0 OID 19892)
-- Dependencies: 226
-- Data for Name: users_user; Type: TABLE DATA; Schema: public; Owner: postgres
--

COPY public.users_user (id, password, last_login, is_superuser, first_name, last_name, is_staff, is_active, date_joined, email, phone, city, avatar, tg_nick, tg_chat_id, time_offset) FROM stdin;
1	pbkdf2_sha256$870000$jZ6U9e9XKJsNUqYbuKZQBw$ikj6Pmr7sox16hn8gebPS07Uoh3Lwvw4c5yYz/Ovm/4=	2024-08-14 21:21:12.983386+03	t	Admin	SkyPro	t	t	2024-08-11 14:39:59.406615+03	admin@sky.pro	\N	\N		\N	123456789	3
2	pbkdf2_sha256$870000$Q65xT2SYG09IfLoVx2TTdD$7hXK19d6XZjypFbOxDeY2bf9+E01H9fM0vJp8cqX8Bw=	2024-08-16 19:39:49.331911+03	f			f	t	2024-08-11 14:47:52+03	ruzilkasymov5@gmail.com	\N	\N		\N	12208185	3
\.


--
-- TOC entry 5013 (class 0 OID 19902)
-- Dependencies: 228
-- Data for Name: users_user_groups; Type: TABLE DATA; Schema: public; Owner: postgres
--

COPY public.users_user_groups (id, user_id, group_id) FROM stdin;
\.


--
-- TOC entry 5015 (class 0 OID 19908)
-- Dependencies: 230
-- Data for Name: users_user_user_permissions; Type: TABLE DATA; Schema: public; Owner: postgres
--

COPY public.users_user_user_permissions (id, user_id, permission_id) FROM stdin;
\.


--
-- TOC entry 5037 (class 0 OID 0)
-- Dependencies: 221
-- Name: auth_group_id_seq; Type: SEQUENCE SET; Schema: public; Owner: postgres
--

SELECT pg_catalog.setval('public.auth_group_id_seq', 1, false);


--
-- TOC entry 5038 (class 0 OID 0)
-- Dependencies: 223
-- Name: auth_group_permissions_id_seq; Type: SEQUENCE SET; Schema: public; Owner: postgres
--

SELECT pg_catalog.setval('public.auth_group_permissions_id_seq', 1, false);


--
-- TOC entry 5039 (class 0 OID 0)
-- Dependencies: 219
-- Name: auth_permission_id_seq; Type: SEQUENCE SET; Schema: public; Owner: postgres
--

SELECT pg_catalog.setval('public.auth_permission_id_seq', 52, true);


--
-- TOC entry 5040 (class 0 OID 0)
-- Dependencies: 231
-- Name: django_admin_log_id_seq; Type: SEQUENCE SET; Schema: public; Owner: postgres
--

SELECT pg_catalog.setval('public.django_admin_log_id_seq', 62, true);


--
-- TOC entry 5041 (class 0 OID 0)
-- Dependencies: 242
-- Name: django_celery_beat_clockedschedule_id_seq; Type: SEQUENCE SET; Schema: public; Owner: postgres
--

SELECT pg_catalog.setval('public.django_celery_beat_clockedschedule_id_seq', 1, false);


--
-- TOC entry 5042 (class 0 OID 0)
-- Dependencies: 233
-- Name: django_celery_beat_crontabschedule_id_seq; Type: SEQUENCE SET; Schema: public; Owner: postgres
--

SELECT pg_catalog.setval('public.django_celery_beat_crontabschedule_id_seq', 2, true);


--
-- TOC entry 5043 (class 0 OID 0)
-- Dependencies: 235
-- Name: django_celery_beat_intervalschedule_id_seq; Type: SEQUENCE SET; Schema: public; Owner: postgres
--

SELECT pg_catalog.setval('public.django_celery_beat_intervalschedule_id_seq', 2, true);


--
-- TOC entry 5044 (class 0 OID 0)
-- Dependencies: 237
-- Name: django_celery_beat_periodictask_id_seq; Type: SEQUENCE SET; Schema: public; Owner: postgres
--

SELECT pg_catalog.setval('public.django_celery_beat_periodictask_id_seq', 6, true);


--
-- TOC entry 5045 (class 0 OID 0)
-- Dependencies: 240
-- Name: django_celery_beat_solarschedule_id_seq; Type: SEQUENCE SET; Schema: public; Owner: postgres
--

SELECT pg_catalog.setval('public.django_celery_beat_solarschedule_id_seq', 1, false);


--
-- TOC entry 5046 (class 0 OID 0)
-- Dependencies: 217
-- Name: django_content_type_id_seq; Type: SEQUENCE SET; Schema: public; Owner: postgres
--

SELECT pg_catalog.setval('public.django_content_type_id_seq', 13, true);


--
-- TOC entry 5047 (class 0 OID 0)
-- Dependencies: 215
-- Name: django_migrations_id_seq; Type: SEQUENCE SET; Schema: public; Owner: postgres
--

SELECT pg_catalog.setval('public.django_migrations_id_seq', 43, true);


--
-- TOC entry 5048 (class 0 OID 0)
-- Dependencies: 244
-- Name: habits_habits_id_seq; Type: SEQUENCE SET; Schema: public; Owner: postgres
--

SELECT pg_catalog.setval('public.habits_habits_id_seq', 51, true);


--
-- TOC entry 5049 (class 0 OID 0)
-- Dependencies: 227
-- Name: users_user_groups_id_seq; Type: SEQUENCE SET; Schema: public; Owner: postgres
--

SELECT pg_catalog.setval('public.users_user_groups_id_seq', 1, false);


--
-- TOC entry 5050 (class 0 OID 0)
-- Dependencies: 225
-- Name: users_user_id_seq; Type: SEQUENCE SET; Schema: public; Owner: postgres
--

SELECT pg_catalog.setval('public.users_user_id_seq', 2, true);


--
-- TOC entry 5051 (class 0 OID 0)
-- Dependencies: 229
-- Name: users_user_user_permissions_id_seq; Type: SEQUENCE SET; Schema: public; Owner: postgres
--

SELECT pg_catalog.setval('public.users_user_user_permissions_id_seq', 1, false);


--
-- TOC entry 4783 (class 2606 OID 19889)
-- Name: auth_group auth_group_name_key; Type: CONSTRAINT; Schema: public; Owner: postgres
--

ALTER TABLE ONLY public.auth_group
    ADD CONSTRAINT auth_group_name_key UNIQUE (name);


--
-- TOC entry 4788 (class 2606 OID 19875)
-- Name: auth_group_permissions auth_group_permissions_group_id_permission_id_0cd325b0_uniq; Type: CONSTRAINT; Schema: public; Owner: postgres
--

ALTER TABLE ONLY public.auth_group_permissions
    ADD CONSTRAINT auth_group_permissions_group_id_permission_id_0cd325b0_uniq UNIQUE (group_id, permission_id);


--
-- TOC entry 4791 (class 2606 OID 19864)
-- Name: auth_group_permissions auth_group_permissions_pkey; Type: CONSTRAINT; Schema: public; Owner: postgres
--

ALTER TABLE ONLY public.auth_group_permissions
    ADD CONSTRAINT auth_group_permissions_pkey PRIMARY KEY (id);


--
-- TOC entry 4785 (class 2606 OID 19856)
-- Name: auth_group auth_group_pkey; Type: CONSTRAINT; Schema: public; Owner: postgres
--

ALTER TABLE ONLY public.auth_group
    ADD CONSTRAINT auth_group_pkey PRIMARY KEY (id);


--
-- TOC entry 4778 (class 2606 OID 19866)
-- Name: auth_permission auth_permission_content_type_id_codename_01ab375a_uniq; Type: CONSTRAINT; Schema: public; Owner: postgres
--

ALTER TABLE ONLY public.auth_permission
    ADD CONSTRAINT auth_permission_content_type_id_codename_01ab375a_uniq UNIQUE (content_type_id, codename);


--
-- TOC entry 4780 (class 2606 OID 19850)
-- Name: auth_permission auth_permission_pkey; Type: CONSTRAINT; Schema: public; Owner: postgres
--

ALTER TABLE ONLY public.auth_permission
    ADD CONSTRAINT auth_permission_pkey PRIMARY KEY (id);


--
-- TOC entry 4811 (class 2606 OID 19950)
-- Name: django_admin_log django_admin_log_pkey; Type: CONSTRAINT; Schema: public; Owner: postgres
--

ALTER TABLE ONLY public.django_admin_log
    ADD CONSTRAINT django_admin_log_pkey PRIMARY KEY (id);


--
-- TOC entry 4833 (class 2606 OID 20029)
-- Name: django_celery_beat_clockedschedule django_celery_beat_clockedschedule_pkey; Type: CONSTRAINT; Schema: public; Owner: postgres
--

ALTER TABLE ONLY public.django_celery_beat_clockedschedule
    ADD CONSTRAINT django_celery_beat_clockedschedule_pkey PRIMARY KEY (id);


--
-- TOC entry 4814 (class 2606 OID 19968)
-- Name: django_celery_beat_crontabschedule django_celery_beat_crontabschedule_pkey; Type: CONSTRAINT; Schema: public; Owner: postgres
--

ALTER TABLE ONLY public.django_celery_beat_crontabschedule
    ADD CONSTRAINT django_celery_beat_crontabschedule_pkey PRIMARY KEY (id);


--
-- TOC entry 4816 (class 2606 OID 19974)
-- Name: django_celery_beat_intervalschedule django_celery_beat_intervalschedule_pkey; Type: CONSTRAINT; Schema: public; Owner: postgres
--

ALTER TABLE ONLY public.django_celery_beat_intervalschedule
    ADD CONSTRAINT django_celery_beat_intervalschedule_pkey PRIMARY KEY (id);


--
-- TOC entry 4822 (class 2606 OID 19985)
-- Name: django_celery_beat_periodictask django_celery_beat_periodictask_name_key; Type: CONSTRAINT; Schema: public; Owner: postgres
--

ALTER TABLE ONLY public.django_celery_beat_periodictask
    ADD CONSTRAINT django_celery_beat_periodictask_name_key UNIQUE (name);


--
-- TOC entry 4824 (class 2606 OID 19983)
-- Name: django_celery_beat_periodictask django_celery_beat_periodictask_pkey; Type: CONSTRAINT; Schema: public; Owner: postgres
--

ALTER TABLE ONLY public.django_celery_beat_periodictask
    ADD CONSTRAINT django_celery_beat_periodictask_pkey PRIMARY KEY (id);


--
-- TOC entry 4827 (class 2606 OID 19990)
-- Name: django_celery_beat_periodictasks django_celery_beat_periodictasks_pkey; Type: CONSTRAINT; Schema: public; Owner: postgres
--

ALTER TABLE ONLY public.django_celery_beat_periodictasks
    ADD CONSTRAINT django_celery_beat_periodictasks_pkey PRIMARY KEY (ident);


--
-- TOC entry 4829 (class 2606 OID 20017)
-- Name: django_celery_beat_solarschedule django_celery_beat_solar_event_latitude_longitude_ba64999a_uniq; Type: CONSTRAINT; Schema: public; Owner: postgres
--

ALTER TABLE ONLY public.django_celery_beat_solarschedule
    ADD CONSTRAINT django_celery_beat_solar_event_latitude_longitude_ba64999a_uniq UNIQUE (event, latitude, longitude);


--
-- TOC entry 4831 (class 2606 OID 20009)
-- Name: django_celery_beat_solarschedule django_celery_beat_solarschedule_pkey; Type: CONSTRAINT; Schema: public; Owner: postgres
--

ALTER TABLE ONLY public.django_celery_beat_solarschedule
    ADD CONSTRAINT django_celery_beat_solarschedule_pkey PRIMARY KEY (id);


--
-- TOC entry 4773 (class 2606 OID 19844)
-- Name: django_content_type django_content_type_app_label_model_76bd3d3b_uniq; Type: CONSTRAINT; Schema: public; Owner: postgres
--

ALTER TABLE ONLY public.django_content_type
    ADD CONSTRAINT django_content_type_app_label_model_76bd3d3b_uniq UNIQUE (app_label, model);


--
-- TOC entry 4775 (class 2606 OID 19842)
-- Name: django_content_type django_content_type_pkey; Type: CONSTRAINT; Schema: public; Owner: postgres
--

ALTER TABLE ONLY public.django_content_type
    ADD CONSTRAINT django_content_type_pkey PRIMARY KEY (id);


--
-- TOC entry 4771 (class 2606 OID 19836)
-- Name: django_migrations django_migrations_pkey; Type: CONSTRAINT; Schema: public; Owner: postgres
--

ALTER TABLE ONLY public.django_migrations
    ADD CONSTRAINT django_migrations_pkey PRIMARY KEY (id);


--
-- TOC entry 4840 (class 2606 OID 20061)
-- Name: django_session django_session_pkey; Type: CONSTRAINT; Schema: public; Owner: postgres
--

ALTER TABLE ONLY public.django_session
    ADD CONSTRAINT django_session_pkey PRIMARY KEY (session_key);


--
-- TOC entry 4835 (class 2606 OID 20042)
-- Name: habits_habits habits_habits_pkey; Type: CONSTRAINT; Schema: public; Owner: postgres
--

ALTER TABLE ONLY public.habits_habits
    ADD CONSTRAINT habits_habits_pkey PRIMARY KEY (id);


--
-- TOC entry 4794 (class 2606 OID 19900)
-- Name: users_user users_user_email_key; Type: CONSTRAINT; Schema: public; Owner: postgres
--

ALTER TABLE ONLY public.users_user
    ADD CONSTRAINT users_user_email_key UNIQUE (email);


--
-- TOC entry 4799 (class 2606 OID 19906)
-- Name: users_user_groups users_user_groups_pkey; Type: CONSTRAINT; Schema: public; Owner: postgres
--

ALTER TABLE ONLY public.users_user_groups
    ADD CONSTRAINT users_user_groups_pkey PRIMARY KEY (id);


--
-- TOC entry 4802 (class 2606 OID 19915)
-- Name: users_user_groups users_user_groups_user_id_group_id_b88eab82_uniq; Type: CONSTRAINT; Schema: public; Owner: postgres
--

ALTER TABLE ONLY public.users_user_groups
    ADD CONSTRAINT users_user_groups_user_id_group_id_b88eab82_uniq UNIQUE (user_id, group_id);


--
-- TOC entry 4796 (class 2606 OID 19898)
-- Name: users_user users_user_pkey; Type: CONSTRAINT; Schema: public; Owner: postgres
--

ALTER TABLE ONLY public.users_user
    ADD CONSTRAINT users_user_pkey PRIMARY KEY (id);


--
-- TOC entry 4805 (class 2606 OID 19912)
-- Name: users_user_user_permissions users_user_user_permissions_pkey; Type: CONSTRAINT; Schema: public; Owner: postgres
--

ALTER TABLE ONLY public.users_user_user_permissions
    ADD CONSTRAINT users_user_user_permissions_pkey PRIMARY KEY (id);


--
-- TOC entry 4808 (class 2606 OID 19929)
-- Name: users_user_user_permissions users_user_user_permissions_user_id_permission_id_43338c45_uniq; Type: CONSTRAINT; Schema: public; Owner: postgres
--

ALTER TABLE ONLY public.users_user_user_permissions
    ADD CONSTRAINT users_user_user_permissions_user_id_permission_id_43338c45_uniq UNIQUE (user_id, permission_id);


--
-- TOC entry 4781 (class 1259 OID 19890)
-- Name: auth_group_name_a6ea08ec_like; Type: INDEX; Schema: public; Owner: postgres
--

CREATE INDEX auth_group_name_a6ea08ec_like ON public.auth_group USING btree (name varchar_pattern_ops);


--
-- TOC entry 4786 (class 1259 OID 19886)
-- Name: auth_group_permissions_group_id_b120cbf9; Type: INDEX; Schema: public; Owner: postgres
--

CREATE INDEX auth_group_permissions_group_id_b120cbf9 ON public.auth_group_permissions USING btree (group_id);


--
-- TOC entry 4789 (class 1259 OID 19887)
-- Name: auth_group_permissions_permission_id_84c5c92e; Type: INDEX; Schema: public; Owner: postgres
--

CREATE INDEX auth_group_permissions_permission_id_84c5c92e ON public.auth_group_permissions USING btree (permission_id);


--
-- TOC entry 4776 (class 1259 OID 19872)
-- Name: auth_permission_content_type_id_2f476e4b; Type: INDEX; Schema: public; Owner: postgres
--

CREATE INDEX auth_permission_content_type_id_2f476e4b ON public.auth_permission USING btree (content_type_id);


--
-- TOC entry 4809 (class 1259 OID 19961)
-- Name: django_admin_log_content_type_id_c4bce8eb; Type: INDEX; Schema: public; Owner: postgres
--

CREATE INDEX django_admin_log_content_type_id_c4bce8eb ON public.django_admin_log USING btree (content_type_id);


--
-- TOC entry 4812 (class 1259 OID 19962)
-- Name: django_admin_log_user_id_c564eba6; Type: INDEX; Schema: public; Owner: postgres
--

CREATE INDEX django_admin_log_user_id_c564eba6 ON public.django_admin_log USING btree (user_id);


--
-- TOC entry 4817 (class 1259 OID 20035)
-- Name: django_celery_beat_periodictask_clocked_id_47a69f82; Type: INDEX; Schema: public; Owner: postgres
--

CREATE INDEX django_celery_beat_periodictask_clocked_id_47a69f82 ON public.django_celery_beat_periodictask USING btree (clocked_id);


--
-- TOC entry 4818 (class 1259 OID 20002)
-- Name: django_celery_beat_periodictask_crontab_id_d3cba168; Type: INDEX; Schema: public; Owner: postgres
--

CREATE INDEX django_celery_beat_periodictask_crontab_id_d3cba168 ON public.django_celery_beat_periodictask USING btree (crontab_id);


--
-- TOC entry 4819 (class 1259 OID 20003)
-- Name: django_celery_beat_periodictask_interval_id_a8ca27da; Type: INDEX; Schema: public; Owner: postgres
--

CREATE INDEX django_celery_beat_periodictask_interval_id_a8ca27da ON public.django_celery_beat_periodictask USING btree (interval_id);


--
-- TOC entry 4820 (class 1259 OID 20001)
-- Name: django_celery_beat_periodictask_name_265a36b7_like; Type: INDEX; Schema: public; Owner: postgres
--

CREATE INDEX django_celery_beat_periodictask_name_265a36b7_like ON public.django_celery_beat_periodictask USING btree (name varchar_pattern_ops);


--
-- TOC entry 4825 (class 1259 OID 20015)
-- Name: django_celery_beat_periodictask_solar_id_a87ce72c; Type: INDEX; Schema: public; Owner: postgres
--

CREATE INDEX django_celery_beat_periodictask_solar_id_a87ce72c ON public.django_celery_beat_periodictask USING btree (solar_id);


--
-- TOC entry 4838 (class 1259 OID 20063)
-- Name: django_session_expire_date_a5c62663; Type: INDEX; Schema: public; Owner: postgres
--

CREATE INDEX django_session_expire_date_a5c62663 ON public.django_session USING btree (expire_date);


--
-- TOC entry 4841 (class 1259 OID 20062)
-- Name: django_session_session_key_c0390e0f_like; Type: INDEX; Schema: public; Owner: postgres
--

CREATE INDEX django_session_session_key_c0390e0f_like ON public.django_session USING btree (session_key varchar_pattern_ops);


--
-- TOC entry 4836 (class 1259 OID 20048)
-- Name: habits_habits_related_id_f7736db3; Type: INDEX; Schema: public; Owner: postgres
--

CREATE INDEX habits_habits_related_id_f7736db3 ON public.habits_habits USING btree (related_id);


--
-- TOC entry 4837 (class 1259 OID 20054)
-- Name: habits_habits_user_id_f6567310; Type: INDEX; Schema: public; Owner: postgres
--

CREATE INDEX habits_habits_user_id_f6567310 ON public.habits_habits USING btree (user_id);


--
-- TOC entry 4792 (class 1259 OID 19913)
-- Name: users_user_email_243f6e77_like; Type: INDEX; Schema: public; Owner: postgres
--

CREATE INDEX users_user_email_243f6e77_like ON public.users_user USING btree (email varchar_pattern_ops);


--
-- TOC entry 4797 (class 1259 OID 19927)
-- Name: users_user_groups_group_id_9afc8d0e; Type: INDEX; Schema: public; Owner: postgres
--

CREATE INDEX users_user_groups_group_id_9afc8d0e ON public.users_user_groups USING btree (group_id);


--
-- TOC entry 4800 (class 1259 OID 19926)
-- Name: users_user_groups_user_id_5f6f5a90; Type: INDEX; Schema: public; Owner: postgres
--

CREATE INDEX users_user_groups_user_id_5f6f5a90 ON public.users_user_groups USING btree (user_id);


--
-- TOC entry 4803 (class 1259 OID 19941)
-- Name: users_user_user_permissions_permission_id_0b93982e; Type: INDEX; Schema: public; Owner: postgres
--

CREATE INDEX users_user_user_permissions_permission_id_0b93982e ON public.users_user_user_permissions USING btree (permission_id);


--
-- TOC entry 4806 (class 1259 OID 19940)
-- Name: users_user_user_permissions_user_id_20aca447; Type: INDEX; Schema: public; Owner: postgres
--

CREATE INDEX users_user_user_permissions_user_id_20aca447 ON public.users_user_user_permissions USING btree (user_id);


--
-- TOC entry 4843 (class 2606 OID 19881)
-- Name: auth_group_permissions auth_group_permissio_permission_id_84c5c92e_fk_auth_perm; Type: FK CONSTRAINT; Schema: public; Owner: postgres
--

ALTER TABLE ONLY public.auth_group_permissions
    ADD CONSTRAINT auth_group_permissio_permission_id_84c5c92e_fk_auth_perm FOREIGN KEY (permission_id) REFERENCES public.auth_permission(id) DEFERRABLE INITIALLY DEFERRED;


--
-- TOC entry 4844 (class 2606 OID 19876)
-- Name: auth_group_permissions auth_group_permissions_group_id_b120cbf9_fk_auth_group_id; Type: FK CONSTRAINT; Schema: public; Owner: postgres
--

ALTER TABLE ONLY public.auth_group_permissions
    ADD CONSTRAINT auth_group_permissions_group_id_b120cbf9_fk_auth_group_id FOREIGN KEY (group_id) REFERENCES public.auth_group(id) DEFERRABLE INITIALLY DEFERRED;


--
-- TOC entry 4842 (class 2606 OID 19867)
-- Name: auth_permission auth_permission_content_type_id_2f476e4b_fk_django_co; Type: FK CONSTRAINT; Schema: public; Owner: postgres
--

ALTER TABLE ONLY public.auth_permission
    ADD CONSTRAINT auth_permission_content_type_id_2f476e4b_fk_django_co FOREIGN KEY (content_type_id) REFERENCES public.django_content_type(id) DEFERRABLE INITIALLY DEFERRED;


--
-- TOC entry 4849 (class 2606 OID 19951)
-- Name: django_admin_log django_admin_log_content_type_id_c4bce8eb_fk_django_co; Type: FK CONSTRAINT; Schema: public; Owner: postgres
--

ALTER TABLE ONLY public.django_admin_log
    ADD CONSTRAINT django_admin_log_content_type_id_c4bce8eb_fk_django_co FOREIGN KEY (content_type_id) REFERENCES public.django_content_type(id) DEFERRABLE INITIALLY DEFERRED;


--
-- TOC entry 4850 (class 2606 OID 19956)
-- Name: django_admin_log django_admin_log_user_id_c564eba6_fk_users_user_id; Type: FK CONSTRAINT; Schema: public; Owner: postgres
--

ALTER TABLE ONLY public.django_admin_log
    ADD CONSTRAINT django_admin_log_user_id_c564eba6_fk_users_user_id FOREIGN KEY (user_id) REFERENCES public.users_user(id) DEFERRABLE INITIALLY DEFERRED;


--
-- TOC entry 4851 (class 2606 OID 20030)
-- Name: django_celery_beat_periodictask django_celery_beat_p_clocked_id_47a69f82_fk_django_ce; Type: FK CONSTRAINT; Schema: public; Owner: postgres
--

ALTER TABLE ONLY public.django_celery_beat_periodictask
    ADD CONSTRAINT django_celery_beat_p_clocked_id_47a69f82_fk_django_ce FOREIGN KEY (clocked_id) REFERENCES public.django_celery_beat_clockedschedule(id) DEFERRABLE INITIALLY DEFERRED;


--
-- TOC entry 4852 (class 2606 OID 19991)
-- Name: django_celery_beat_periodictask django_celery_beat_p_crontab_id_d3cba168_fk_django_ce; Type: FK CONSTRAINT; Schema: public; Owner: postgres
--

ALTER TABLE ONLY public.django_celery_beat_periodictask
    ADD CONSTRAINT django_celery_beat_p_crontab_id_d3cba168_fk_django_ce FOREIGN KEY (crontab_id) REFERENCES public.django_celery_beat_crontabschedule(id) DEFERRABLE INITIALLY DEFERRED;


--
-- TOC entry 4853 (class 2606 OID 19996)
-- Name: django_celery_beat_periodictask django_celery_beat_p_interval_id_a8ca27da_fk_django_ce; Type: FK CONSTRAINT; Schema: public; Owner: postgres
--

ALTER TABLE ONLY public.django_celery_beat_periodictask
    ADD CONSTRAINT django_celery_beat_p_interval_id_a8ca27da_fk_django_ce FOREIGN KEY (interval_id) REFERENCES public.django_celery_beat_intervalschedule(id) DEFERRABLE INITIALLY DEFERRED;


--
-- TOC entry 4854 (class 2606 OID 20010)
-- Name: django_celery_beat_periodictask django_celery_beat_p_solar_id_a87ce72c_fk_django_ce; Type: FK CONSTRAINT; Schema: public; Owner: postgres
--

ALTER TABLE ONLY public.django_celery_beat_periodictask
    ADD CONSTRAINT django_celery_beat_p_solar_id_a87ce72c_fk_django_ce FOREIGN KEY (solar_id) REFERENCES public.django_celery_beat_solarschedule(id) DEFERRABLE INITIALLY DEFERRED;


--
-- TOC entry 4855 (class 2606 OID 20043)
-- Name: habits_habits habits_habits_related_id_f7736db3_fk_habits_habits_id; Type: FK CONSTRAINT; Schema: public; Owner: postgres
--

ALTER TABLE ONLY public.habits_habits
    ADD CONSTRAINT habits_habits_related_id_f7736db3_fk_habits_habits_id FOREIGN KEY (related_id) REFERENCES public.habits_habits(id) DEFERRABLE INITIALLY DEFERRED;


--
-- TOC entry 4856 (class 2606 OID 20049)
-- Name: habits_habits habits_habits_user_id_f6567310_fk_users_user_id; Type: FK CONSTRAINT; Schema: public; Owner: postgres
--

ALTER TABLE ONLY public.habits_habits
    ADD CONSTRAINT habits_habits_user_id_f6567310_fk_users_user_id FOREIGN KEY (user_id) REFERENCES public.users_user(id) DEFERRABLE INITIALLY DEFERRED;


--
-- TOC entry 4845 (class 2606 OID 19921)
-- Name: users_user_groups users_user_groups_group_id_9afc8d0e_fk_auth_group_id; Type: FK CONSTRAINT; Schema: public; Owner: postgres
--

ALTER TABLE ONLY public.users_user_groups
    ADD CONSTRAINT users_user_groups_group_id_9afc8d0e_fk_auth_group_id FOREIGN KEY (group_id) REFERENCES public.auth_group(id) DEFERRABLE INITIALLY DEFERRED;


--
-- TOC entry 4846 (class 2606 OID 19916)
-- Name: users_user_groups users_user_groups_user_id_5f6f5a90_fk_users_user_id; Type: FK CONSTRAINT; Schema: public; Owner: postgres
--

ALTER TABLE ONLY public.users_user_groups
    ADD CONSTRAINT users_user_groups_user_id_5f6f5a90_fk_users_user_id FOREIGN KEY (user_id) REFERENCES public.users_user(id) DEFERRABLE INITIALLY DEFERRED;


--
-- TOC entry 4847 (class 2606 OID 19935)
-- Name: users_user_user_permissions users_user_user_perm_permission_id_0b93982e_fk_auth_perm; Type: FK CONSTRAINT; Schema: public; Owner: postgres
--

ALTER TABLE ONLY public.users_user_user_permissions
    ADD CONSTRAINT users_user_user_perm_permission_id_0b93982e_fk_auth_perm FOREIGN KEY (permission_id) REFERENCES public.auth_permission(id) DEFERRABLE INITIALLY DEFERRED;


--
-- TOC entry 4848 (class 2606 OID 19930)
-- Name: users_user_user_permissions users_user_user_permissions_user_id_20aca447_fk_users_user_id; Type: FK CONSTRAINT; Schema: public; Owner: postgres
--

ALTER TABLE ONLY public.users_user_user_permissions
    ADD CONSTRAINT users_user_user_permissions_user_id_20aca447_fk_users_user_id FOREIGN KEY (user_id) REFERENCES public.users_user(id) DEFERRABLE INITIALLY DEFERRED;


-- Completed on 2024-08-20 14:59:01

--
-- PostgreSQL database dump complete
--

